stop_id,stop_name,stop_lat,stop_lon
001,Times Square-42 St,40.755604,-73.987428
002,Grand Central-42 St,40.752857,-73.977720
003,14th St,40.735131,-73.992722
004,Union Square,40.735272,-73.990717
005,Astor Place,40.730809,-73.992066
006,84th St-Lexington Ave,40.777717,-73.956822
007,59th St-Lexington Ave,40.762279,-73.967857
008,72nd St,40.776293,-73.981476
009,123rd St,40.821903,-73.936906
010,28th St,40.746447,-73.987680
